<manifest alg="2" build="704" opt="true" iceEnabled="true">
  <folder name="css">
    <file name="site_global.css" crc="4036735006"/>
    <file name="master_main.css" crc="4034337003" ref="index:contact:about"/>
    <file name="index.css" crc="300789056" ref="index"/>
    <file name="contact.css" crc="300789056" ref="contact"/>
    <file name="about.css" crc="300789056" ref="about"/>
  </folder>
  <folder name="scripts">
    <file name="jquery-1.8.3.min.js" crc="3828297711" ref="index:about:contact"/>
    <file name="museutils.js" crc="4210811981" ref="index:about:contact"/>
    <file name="jquery.musepolyfill.bgsize.js" crc="3812640551" ref="index:about:contact"/>
    <file name="jquery.musemenu.js" crc="32367222" ref="index:about:contact"/>
    <file name="jquery.tobrowserwidth.js" crc="4262060562" ref="index:about:contact"/>
    <file name="jquery.watch.js" crc="4199601726" ref="index:about:contact"/>
  </folder>
  <folder name="images">
    <file name="envato_main.jpg" crc="129836700" ref="index:about:contact"/>
  </folder>
  <file name="index.html" crc="332001392" mt="1372930920363"/>
  <file name="about.html" crc="425469084" mt="1372930920366"/>
  <file name="contact.html" crc="4240724797" mt="1372930920367"/>
</manifest>