<manifest alg="2" build="704" opt="true" iceEnabled="true">
  <folder name="phone">
    <folder name="css">
      <file name="master_main-master.css" crc="3991532488" ref="phone>index:phone>about:phone>contact"/>
      <file name="about.css" crc="4255437835" ref="phone>about"/>
      <file name="index.css" crc="311762022" ref="phone>index"/>
      <file name="contact.css" crc="4211333084" ref="phone>contact"/>
    </folder>
    <file name="index.html" crc="3980366961" mt="1372408923511"/>
    <file name="about.html" crc="85104320" mt="1372408980545"/>
    <file name="contact.html" crc="4167750313" mt="1372408939182"/>
  </folder>
  <folder name="assets">
    <folder name="animation">
      <folder name="edge_includes">
        <file name="edge.2.0.0.min.js" crc="3766536203" mt="1372253042000"/>
        <file name="jquery-1.7.1.min.js" crc="111770969" mt="1372253042000"/>
      </folder>
      <folder name="images">
        <file name="Poster.png" crc="341547663" mt="1372253042000"/>
      </folder>
      <file name="animation_edge.js" crc="240556833" mt="1372253042000"/>
      <file name="animation_edgeActions.js" crc="4090957770" mt="1372253042000"/>
      <file name="animation_edgePreload.js" crc="3768336350" mt="1372253042000"/>
      <file name="animation.html" crc="3921221903" mt="1372253042000"/>
    </folder>
  </folder>
  <folder name="images">
    <file name="wallenvato_kramz.jpg" crc="129836700" ref="index:phone>index"/>
    <file name="fb button.png" crc="4169667744" ref="index:about:contact"/>
    <file name="fb button2.png" crc="57012389" ref="index:about:contact"/>
    <file name="tweet button.png" crc="4253559536" ref="index:about:contact"/>
    <file name="tweet button2.png" crc="4043848753" ref="index:about:contact"/>
    <file name="u333-17.png" crc="479674940" ref="contact"/>
    <file name="u333-17-r.png" crc="4055231547" ref="contact"/>
    <file name="u333-17-m.png" crc="3802471967" ref="contact"/>
    <file name="u333-17-fs.png" crc="432182209" ref="contact"/>
    <file name="green_iphone-u383.jpg" crc="4060077223" ref="about"/>
    <file name="u588-17.png" crc="479674940" ref="phone>contact"/>
    <file name="u588-17-r.png" crc="4055231547" ref="phone>contact"/>
    <file name="u588-17-m.png" crc="3802471967" ref="phone>contact"/>
    <file name="u588-17-fs.png" crc="432182209" ref="phone>contact"/>
  </folder>
  <folder name="css">
    <file name="site_global.css" crc="4011495837"/>
    <file name="master_main-master.css" crc="405661011" ref="index"/>
    <file name="index.css" crc="4135161295" ref="index"/>
    <file name="master_sub-main.css" crc="231072782" ref="about:contact"/>
    <file name="about.css" crc="441071851" ref="about"/>
    <file name="contact.css" crc="358437303" ref="contact"/>
  </folder>
  <folder name="scripts">
    <file name="jquery-1.8.3.min.js" crc="3828297711" ref="index:about:contact:phone>index:phone>about:phone>contact"/>
    <file name="museutils.js" crc="4210811981" ref="index:about:contact:phone>index:phone>about:phone>contact"/>
    <file name="jquery.watch.js" crc="4199601726" ref="index:about:contact:phone>index:phone>about:phone>contact"/>
    <file name="jquery.tobrowserwidth.js" crc="4262060562" ref="index:about:contact:phone>index:phone>about:phone>contact"/>
    <file name="jquery.musepolyfill.bgsize.js" crc="3812640551" ref="index:about:contact:phone>index"/>
    <file name="jquery.musemenu.js" crc="32367222" ref="index:about:contact:phone>index:phone>about:phone>contact"/>
    <file name="webpro.js" crc="4369767" ref="contact:phone>index:phone>about:phone>contact"/>
    <file name="form_check.php" crc="368723870" ref="contact:phone>contact"/>
    <file name="form_throttle.php" crc="4280792853" ref="contact:phone>contact"/>
    <file name="form-u302.php" crc="200520336" ref="contact"/>
    <file name="museredirect.js" crc="4231348958" ref="index:about:contact"/>
    <file name="musewpdisclosure.js" crc="250538392" ref="phone>index:phone>about:phone>contact"/>
    <file name="form-u571.php" crc="3885627596" ref="phone>contact"/>
  </folder>
  <file name="index.html" crc="4119748590" mt="1372320105228"/>
  <file name="about.html" crc="4294949964" mt="1372320346965"/>
  <file name="contact.html" crc="4021189190" mt="1372320346968"/>
</manifest>