<manifest alg="2" build="704" opt="true" iceEnabled="true">
  <folder name="css">
    <file name="site_global.css" crc="3945661363"/>
    <file name="master_main.css" crc="4011321384" ref="index:about:contact"/>
    <file name="index.css" crc="291027763" ref="index"/>
    <file name="about.css" crc="189400524" ref="about"/>
    <file name="contact.css" crc="4070222232" ref="contact"/>
  </folder>
  <folder name="assets">
    <folder name="home_anim">
      <folder name="edge_includes">
        <file name="edge.2.0.0.min.js" crc="3766536203" mt="1373016296000"/>
        <file name="jquery-1.7.1.min.js" crc="111770969" mt="1373016296000"/>
      </folder>
      <folder name="images">
        <file name="leaf.png" crc="3950697262" mt="1373016296000"/>
        <file name="Poster.png" crc="532475528" mt="1373016296000"/>
      </folder>
      <file name="home_anim_edge.js" crc="3953019608" mt="1373016296000"/>
      <file name="home_anim_edgeActions.js" crc="32313882" mt="1373016296000"/>
      <file name="home_anim_edgePreload.js" crc="288938852" mt="1373016296000"/>
      <file name="home_anim.html" crc="3834738797" mt="1373016296000"/>
    </folder>
  </folder>
  <folder name="scripts">
    <file name="museredirect.js" crc="4231348958" ref="index:contact:about"/>
    <file name="jquery-1.8.3.min.js" crc="3828297711" ref="index:contact:about:phone>index:phone>about:phone>contact"/>
    <file name="museutils.js" crc="4210811981" ref="index:contact:about:phone>index:phone>about:phone>contact"/>
    <file name="jquery.musepolyfill.bgsize.js" crc="3812640551" ref="index:contact:about"/>
    <file name="jquery.tobrowserwidth.js" crc="4262060562" ref="index:contact:about:phone>index:phone>about:phone>contact"/>
    <file name="jquery.musemenu.js" crc="32367222" ref="index:contact:about:phone>index:phone>about:phone>contact"/>
    <file name="jquery.watch.js" crc="4199601726" ref="index:contact:about:phone>index:phone>about:phone>contact"/>
    <file name="webpro.js" crc="4369767" ref="contact:phone>index:phone>about:phone>contact"/>
    <file name="form_check.php" crc="368723870" ref="contact:phone>contact"/>
    <file name="form_throttle.php" crc="4280792853" ref="contact:phone>contact"/>
    <file name="form-u555.php" crc="110059524" ref="contact"/>
    <file name="musewpdisclosure.js" crc="250538392" ref="phone>index:phone>about:phone>contact"/>
    <file name="musewpslideshow.js" crc="83045620" ref="phone>index"/>
    <file name="jquery.museoverlay.js" crc="3925244142" ref="phone>index"/>
    <file name="touchswipe.js" crc="261777990" ref="phone>index"/>
    <file name="form-u2654.php" crc="4229730023" ref="phone>contact"/>
  </folder>
  <folder name="images">
    <file name="envato_main.jpg" crc="129836700" ref="index"/>
    <file name="tweet button.png" crc="4253559536" ref="index:contact:about"/>
    <file name="tweet button2.png" crc="4043848753" ref="index:contact:about"/>
    <file name="fb button.png" crc="4169667744" ref="index:contact:about"/>
    <file name="fb button2.png" crc="57012389" ref="index:contact:about"/>
    <file name="green_iphone230x346.jpg" crc="285475432" ref="contact"/>
    <file name="u557-17.png" crc="479674940" ref="contact"/>
    <file name="u557-17-r.png" crc="4055231547" ref="contact"/>
    <file name="u557-17-m.png" crc="3802471967" ref="contact"/>
    <file name="u557-17-fs.png" crc="432182209" ref="contact"/>
    <file name="team-layer 1c.jpg" crc="501333385" ref="about:phone>about"/>
    <file name="slide1.jpg" crc="455106139" ref="phone>index"/>
    <file name="blank.gif" crc="4208392903" ref="phone>index"/>
    <file name="slide2.jpg" crc="512691554" ref="phone>index"/>
    <file name="slide3.jpg" crc="441305114" ref="phone>index"/>
    <file name="slide1119x75.jpg" crc="4285832493" ref="phone>index"/>
    <file name="slide2119x67.jpg" crc="337319180" ref="phone>index"/>
    <file name="slide3119x90.jpg" crc="443556576" ref="phone>index"/>
    <file name="loading.gif" crc="3815509949" ref="phone>index"/>
    <file name="green_iphone.jpg" crc="3855777571" ref="phone>contact"/>
    <file name="u2663-17.png" crc="479674940" ref="phone>contact"/>
    <file name="u2663-17-r.png" crc="4055231547" ref="phone>contact"/>
    <file name="u2663-17-m.png" crc="3802471967" ref="phone>contact"/>
    <file name="u2663-17-fs.png" crc="432182209" ref="phone>contact"/>
  </folder>
  <folder name="phone">
    <folder name="css">
      <file name="master_main.css" crc="470520031" ref="phone>index:phone>contact:phone>about"/>
      <file name="index.css" crc="532335632" ref="phone>index"/>
      <file name="contact.css" crc="5261622" ref="phone>contact"/>
      <file name="about.css" crc="4210341205" ref="phone>about"/>
    </folder>
    <file name="index.html" crc="455915030" mt="1373389708572"/>
    <file name="about.html" crc="3878878320" mt="1373445979802"/>
    <file name="contact.html" crc="4134212695" mt="1373446377431"/>
  </folder>
  <file name="index.html" crc="4121254213" mt="1373385395671"/>
  <file name="contact.html" crc="69356599" mt="1373446377427"/>
  <file name="about.html" crc="3761426972" mt="1373385395680"/>
</manifest>